[
  {
    "image": "/images/introduction/Introduction Six/1.png",
    "title": "Rosehip Seed Oil",
    "description": "Gentle, quick-absorbing moisture packed with vitamins."
  },
  {
    "image": "/images/introduction/Introduction Six/2.png",
    "title": "Sweet Almond Seed Oil",
    "description": "A natural emollient used to moisturize and promote skin elasticit."
  },
  {
    "image": "/images/introduction/Introduction Six/3.png",
    "title": "Gardenia Florida Extract",
    "description": "Its inherent astringency tones and balances skin while infusing."
  },
  {
    "image": "/images/introduction/Introduction Six/4.png",
    "title": "Acmella Flower Extract",
    "description": "This flowering plant gently relaxes muscles, reducing formation."
  },
  {
    "image": "/images/introduction/Introduction Six/5.png",
    "title": "Butyrospermum Parlii",
    "description": "A skin superfood rich in fatty acids and vitamins A, E and F."
  },
  {
    "image": "/images/introduction/Introduction Six/6.png",
    "title": "Rosmarinus Officinalis",
    "description": "Used to ward off free-radicals and naturally protect from photoaging."
  }
]