[
  {
    "id": 1,
    "title": "Demystifying IT services: exploring tech trends",
    "description": "It is a long established fact that a reader will be distracted by the readable content of",
    "author": "Lindsay Weinberg",
    "category": "Sales Revenue",
    "percent": "40",
    "brand": "/images/brand/brand.png",
    "publicDate": "2024-05-25",
    "thumbImage": "/images/blog/1290x837.png",
    "coverImage": "/images/blog/1290x837.png"
  },
  {
    "id": 2,
    "title": "Unlocking business potential: the role of IT services today",
    "description": "It is a long established fact that a reader will be distracted by the readable content of",
    "author": "Lindsay Weinberg",
    "category": "Website Traffic",
    "percent": "50",
    "brand": "/images/brand/brand.png",
    "publicDate": "2024-05-25",
    "thumbImage": "/images/blog/1290x837.png",
    "coverImage": "/images/blog/1290x837.png"
  },
  {
    "id": 3,
    "title": "Tech insights: how IT services drive modern business",
    "description": "It is a long established fact that a reader will be distracted by the readable content of",
    "author": "Lindsay Weinberg",
    "category": "Online Presence",
    "percent": "120",
    "brand": "/images/brand/brand.png",
    "publicDate": "2024-05-25",
    "thumbImage": "/images/blog/1290x837.png",
    "coverImage": "/images/blog/1290x837.png"
  },
  {
    "id": 4,
    "title": "Transforming a Small Retailer with E-Commerce Integration",
    "description": "It is a long established fact that a reader will be distracted by the readable content of",
    "author": "Lindsay Weinberg",
    "category": "Revenue Growth",
    "percent": "32",
    "brand": "/images/brand/brand.png",
    "publicDate": "2024-05-25",
    "thumbImage": "/images/blog/1290x837.png",
    "coverImage": "/images/blog/1290x837.png"
  },
  {
    "id": 5,
    "title": "Enhancing Customer Engagement Through Personalization",
    "description": "It is a long established fact that a reader will be distracted by the readable content of",
    "author": "Lindsay Weinberg",
    "category": "Customer Satisfaction",
    "percent": "50",
    "brand": "/images/brand/brand.png",
    "publicDate": "2024-05-25",
    "thumbImage": "/images/blog/1290x837.png",
    "coverImage": "/images/blog/1290x837.png"
  },
  {
    "id": 6,
    "title": "Revamping IT Infrastructure for a Growing Startup",
    "description": "It is a long established fact that a reader will be distracted by the readable content of",
    "author": "Lindsay Weinberg",
    "category": "Revenue Growth",
    "percent": "42",
    "brand": "/images/brand/brand.png",
    "publicDate": "2024-05-25",
    "thumbImage": "/images/blog/1290x837.png",
    "coverImage": "/images/blog/1290x837.png"
  },
  {
    "id": 7,
    "title": "Optimizing Healthcare Operations with Data Analytics",
    "description": "It is a long established fact that a reader will be distracted by the readable content of",
    "author": "Lindsay Weinberg",
    "category": "Customer Satisfy",
    "percent": "65",
    "brand": "/images/brand/brand.png",
    "publicDate": "2024-05-25",
    "thumbImage": "/images/blog/1290x837.png",
    "coverImage": "/images/blog/1290x837.png"
  },
  {
    "id": 8,
    "title": "Securing Financial Data: A Banking Case Study",
    "description": "It is a long established fact that a reader will be distracted by the readable content of",
    "author": "Lindsay Weinberg",
    "category": "Online Presence",
    "percent": "76",
    "brand": "/images/brand/brand.png",
    "publicDate": "2024-05-25",
    "thumbImage": "/images/blog/1290x837.png",
    "coverImage": "/images/blog/1290x837.png"
  },
  {
    "id": 9,
    "title": "Scaling E-Learning Platforms for Remote Education",
    "description": "It is a long established fact that a reader will be distracted by the readable content of",
    "author": "Lindsay Weinberg",
    "category": "Sales Revenue",
    "percent": "80",
    "brand": "/images/brand/brand.png",
    "publicDate": "2024-05-25",
    "thumbImage": "/images/blog/1290x837.png",
    "coverImage": "/images/blog/1290x837.png"
  },
  {
    "id": 10,
    "title": "Digital Agency's Success with E-commerce Platform Optimization",
    "description": "It is a long established fact that a reader will be distracted by the readable content of",
    "author": "Lindsay Weinberg",
    "category": "Customer Expansion",
    "percent": "50",
    "brand": "/images/brand/brand.png",
    "publicDate": "2024-05-25",
    "thumbImage": "/images/blog/1290x837.png",
    "coverImage": "/images/blog/1290x837.png"
  },
  {
    "id": 11,
    "title": "Implementing a Chatbot Solution for a Financial Services Company",
    "description": "It is a long established fact that a reader will be distracted by the readable content of",
    "author": "Lindsay Weinberg",
    "category": "Project Delivery",
    "percent": "40",
    "brand": "/images/brand/brand.png",
    "publicDate": "2024-05-25",
    "thumbImage": "/images/blog/1290x837.png",
    "coverImage": "/images/blog/1290x837.png"
  },
  {
    "id": 12,
    "title": "Comprehensive Digital Marketing Strategy for a Local Business",
    "description": "It is a long established fact that a reader will be distracted by the readable content of",
    "author": "Lindsay Weinberg",
    "category": "Project Delivery",
    "percent": "40",
    "brand": "/images/brand/brand.png",
    "publicDate": "2024-05-25",
    "thumbImage": "/images/blog/1290x837.png",
    "coverImage": "/images/blog/1290x837.png"
  },
  {
    "id": 13,
    "title": "How an IT Service Firm Improved Cybersecurity for a Retail Chain",
    "description": "It is a long established fact that a reader will be distracted by the readable content of",
    "author": "Lindsay Weinberg",
    "category": "Project Delivery",
    "percent": "40",
    "brand": "/images/brand/brand.png",
    "publicDate": "2024-05-25",
    "thumbImage": "/images/blog/1290x837.png",
    "coverImage": "/images/blog/1290x837.png"
  },
  {
    "id": 14,
    "title": "Redesigning a Travel Agency’s Website for Increased Conversions",
    "description": "It is a long established fact that a reader will be distracted by the readable content of",
    "author": "Lindsay Weinberg",
    "category": "Project Delivery",
    "percent": "40",
    "brand": "/images/brand/brand.png",
    "publicDate": "2024-05-25",
    "thumbImage": "/images/blog/1290x837.png",
    "coverImage": "/images/blog/1290x837.png"
  },
  {
    "id": 15,
    "title": "Building a CRM System for a Real Estate Company",
    "description": "It is a long established fact that a reader will be distracted by the readable content of",
    "author": "Lindsay Weinberg",
    "category": "Project Delivery",
    "percent": "40",
    "brand": "/images/brand/brand.png",
    "publicDate": "2024-05-25",
    "thumbImage": "/images/blog/1290x837.png",
    "coverImage": "/images/blog/1290x837.png"
  },
  {
    "id": 16,
    "title": "Utilizing Analytics to Improve Website Performance",
    "description": "It is a long established fact that a reader will be distracted by the readable content of",
    "author": "Lindsay Weinberg",
    "category": "Project Delivery",
    "percent": "40",
    "brand": "/images/brand/brand.png",
    "publicDate": "2024-05-25",
    "thumbImage": "/images/blog/1290x837.png",
    "coverImage": "/images/blog/1290x837.png"
  },
  {
    "id": 41,
    "title": "Advanced Security Solutions",
    "description": "It is a long established fact that a reader will be distracted by the readable content of",
    "author": "Lindsay Weinberg",
    "category": "Online Presence",
    "percent": "68",
    "brand": "/images/brand/brand.png",
    "publicDate": "2024-05-25",
    "thumbImage": "/images/portfolio/480x480.png",
    "coverImage": "/images/portfolio/480x480.png"
  },
  {
    "id": 42,
    "title": "Transforming Online Presence",
    "description": "It is a long established fact that a reader will be distracted by the readable content of",
    "author": "Lindsay Weinberg",
    "category": "Sales Revenue",
    "percent": "40",
    "brand": "/images/brand/brand.png",
    "publicDate": "2024-05-25",
    "thumbImage": "/images/portfolio/480x480.png",
    "coverImage": "/images/portfolio/480x480.png"
  },
  {
    "id": 43,
    "title": "Enhancing Your Security",
    "description": "It is a long established fact that a reader will be distracted by the readable content of",
    "author": "Lindsay Weinberg",
    "category": "Customer Expansion",
    "percent": "60",
    "brand": "/images/brand/brand.png",
    "publicDate": "2024-05-25",
    "thumbImage": "/images/portfolio/480x480.png",
    "coverImage": "/images/portfolio/480x480.png"
  },
  {
    "id": 44,
    "title": "Data Protection",
    "description": "It is a long established fact that a reader will be distracted by the readable content of",
    "author": "Lindsay Weinberg",
    "category": "Project Diversification",
    "percent": "80",
    "brand": "/images/brand/brand.png",
    "publicDate": "2024-05-25",
    "thumbImage": "/images/portfolio/480x480.png",
    "coverImage": "/images/portfolio/480x480.png"
  },
  {
    "id": 51,
    "title": "Creating a Mobile Solution for a Food Delivery Service",
    "description": "It is a long established fact that a reader will be distracted by the readable content of",
    "author": "Lindsay Weinberg",
    "category": "Sales Revenue",
    "percent": "50",
    "brand": "/images/brand/brand.png",
    "publicDate": "2024-05-25",
    "thumbImage": "/images/success-stories/410x410.png",
    "coverImage": "/images/success-stories/410x410.png"
  },
  {
    "id": 52,
    "title": "Increasing Open Rates and Engagement for a Tech Startup",
    "description": "It is a long established fact that a reader will be distracted by the readable content of",
    "author": "Lindsay Weinberg",
    "category": "Website Traffic",
    "percent": "40",
    "brand": "/images/brand/brand.png",
    "publicDate": "2024-05-25",
    "thumbImage": "/images/success-stories/410x410.png",
    "coverImage": "/images/success-stories/410x410.png"
  },
  {
    "id": 53,
    "title": "Implementing RPA for a Financial Advisory Firm",
    "description": "It is a long established fact that a reader will be distracted by the readable content of",
    "author": "Lindsay Weinberg",
    "category": "Online Presence",
    "percent": "28",
    "brand": "/images/brand/brand.png",
    "publicDate": "2024-05-25",
    "thumbImage": "/images/success-stories/410x410.png",
    "coverImage": "/images/success-stories/410x410.png"
  }
]