{
  "accountLinks": [
    { "name": "My account", "to": "#" },
    { "name": "Wishlist", "to": "/shop/wishlist" },
    { "name": "Cart", "to": "/shop/cart" },
    { "name": "Shop", "to": "/shop/fullwidth-4col" },
    { "name": "Checkout", "to": "/shop/checkout" }
  ],
  "informationLinks": [
    { "name": "About us", "to": "/other/about" },
    { "name": "Careers", "to": "/other/contact" },
    { "name": "Delivery Information", "to": "/other/contact" },
    { "name": "Privacy Policy", "to": "/other/contact" },
    { "name": "Terms & Condition", "to": "/other/contact" }
  ],
  "creditLinks": [
    { "name": "Privacy Policy", "to": "/other/contact" },
    { "name": "Terms & Condition", "to": "/other/contact" },
    { "name": "Site map", "to": "/other/contact" }
  ]
}
