[
  {
    "id": 1,
    "title": "Enhancing IT Security with Multi-Factor Authentication",
    "description": "Discover how multi-factor authentication (MFA) is bolstering IT security and protecting sensitive data.",
    "author": "Lindsay Weinberg",
    "tag": "Performance Enhancement",
    "category": "Digital Agency",
    "publicDate": "January 12, 2024",
    "thumbImage": "/images/blog/1290x837.png",
    "coverImage": "/images/blog/1290x837.png"
  },
  {
    "id": 2,
    "title": "Digital Transformation: 'Navigating the Future of Business",
    "description": "Dive into the world of digital transformation and learn how it's reshaping industries for selecting the right cloud service",
    "author": "Lindsay Weinberg",
    "tag": "Cloud Solutions",
    "category": "IT Solution",
    "publicDate": "January 22, 2024",
    "thumbImage": "/images/blog/1290x837.png",
    "coverImage": "/images/blog/1290x837.png"
  },
  {
    "id": 3,
    "title": "Managed IT Services vs. In-House IT: Pros and Cons.",
    "description": "Weigh the advantages and disadvantages of out sourcing IT services versus maintaining",
    "author": "Lindsay Weinberg",
    "tag": "Application Development",
    "category": "Career",
    "publicDate": "January 31, 2024",
    "thumbImage": "/images/blog/1290x837.png",
    "coverImage": "/images/blog/1290x837.png"
  },
  {
    "id": 4,
    "title": "Unlocking the Power of Data Analytics for Your Business",
    "description": "Discover how data analytics can provide actionable insights, drive informed decisions for selecting the right cloud service",
    "author": "Lindsay Weinberg",
    "tag": "E-commerce & Retail",
    "category": "Company",
    "publicDate": "February 04, 2024",
    "thumbImage": "/images/blog/1290x837.png",
    "coverImage": "/images/blog/1290x837.png"
  },
  {
    "id": 5,
    "title": "Cybersecurity Best Practices for Small Businesses",
    "description": "Learn essential cybersecurity practices to protect your small business from cyber threats",
    "author": "Lindsay Weinberg",
    "tag": "IT Services",
    "category": "Digital Agency",
    "publicDate": "February 12, 2024",
    "thumbImage": "/images/blog/1290x837.png",
    "coverImage": "/images/blog/1290x837.png"
  },
  {
    "id": 6,
    "title": "The Role of Cloud Computing in Modern Business",
    "description": "Explore how cloud computing is revolutionizing business operations, reducing costs for selecting the right cloud service",
    "author": "Lindsay Weinberg",
    "tag": "Performance Enhancement",
    "category": "IT Solution",
    "publicDate": "February 16, 2024",
    "thumbImage": "/images/blog/1290x837.png",
    "coverImage": "/images/blog/1290x837.png"
  },
  {
    "id": 7,
    "title": "The Importance of IT Strategy for Business Success",
    "description": "Understand why a well-defined IT strategy is crucial for aligning technology with your business objectives.",
    "author": "Lindsay Weinberg",
    "tag": "Cloud Solutions",
    "category": "Career",
    "publicDate": "February 22, 2024",
    "thumbImage": "/images/blog/1290x837.png",
    "coverImage": "/images/blog/1290x837.png"
  },
  {
    "id": 8,
    "title": "Evaluating Cloud Service Providers: Key Factors to Consider",
    "description": "Explore the critical criteria for selecting the right cloud service provider for your organization's needs.",
    "author": "Lindsay Weinberg",
    "tag": "Application Development",
    "category": "Company",
    "publicDate": "February 24, 2024",
    "thumbImage": "/images/blog/1290x837.png",
    "coverImage": "/images/blog/1290x837.png"
  },
  {
    "id": 9,
    "title": "IoT (Internet of Things) and Its Impact on Industry 4.0",
    "description": "Learn how IoT is driving the fourth industrial revolution and transforming manufacturing",
    "author": "Lindsay Weinberg",
    "tag": "E-commerce & Retail",
    "category": "Digital Agency",
    "publicDate": "February 26, 2024",
    "thumbImage": "/images/blog/1290x837.png",
    "coverImage": "/images/blog/1290x837.png"
  },
  {
    "id": 10,
    "title": "Data Backup and Recovery: Ensuring Business Continuity",
    "description": "Delve into the importance of data backup and recovery strategies to safeguard",
    "author": "Lindsay Weinberg",
    "tag": "IT Services",
    "category": "IT Solution",
    "publicDate": "February 28, 2024",
    "thumbImage": "/images/blog/1290x837.png",
    "coverImage": "/images/blog/1290x837.png"
  },
  {
    "id": 11,
    "title": "Customer Retention Strategies for a Subscription-Based Service",
    "description": "Dive into the world of digital transformation and learn how it's reshaping industries",
    "author": "Lindsay Weinberg",
    "tag": "Performance Enhancement",
    "category": "Career",
    "publicDate": "March 10, 2024",
    "thumbImage": "/images/blog/1290x837.png",
    "coverImage": "/images/blog/1290x837.png"
  },
  {
    "id": 12,
    "title": "Overhauling IT Infrastructure for a Manufacturing Company Journey",
    "description": "Discover how data analytics can provide actionable insights, drive informed decisions",
    "author": "Lindsay Weinberg",
    "tag": "Cloud Solutions",
    "category": "Company",
    "publicDate": "March 12, 2024",
    "thumbImage": "/images/blog/1290x837.png",
    "coverImage": "/images/blog/1290x837.png"
  },
  {
    "id": 13,
    "title": "Enhancing Customer Experience for a Luxury Brand",
    "description": "Learn essential cybersecurity practices to protect your small business from cyber threats",
    "author": "Lindsay Weinberg",
    "tag": "Application Development",
    "category": "Digital Agency",
    "publicDate": "March 15, 2024",
    "thumbImage": "/images/blog/1290x837.png",
    "coverImage": "/images/blog/1290x837.png"
  },
  {
    "id": 14,
    "title": "Improving Connectivity and Performance for a University Campus",
    "description": "Understand why a well-defined IT strategy is crucial for aligning technology with your business objectives.",
    "author": "Lindsay Weinberg",
    "tag": "E-commerce & Retail",
    "category": "IT Solution",
    "publicDate": "March 18, 2024",
    "thumbImage": "/images/blog/1290x837.png",
    "coverImage": "/images/blog/1290x837.png"
  },
  {
    "id": 15,
    "title": "Implementing Machine Learning Solutions for Predictive Maintenance",
    "description": "Explore the critical criteria for selecting the right cloud service provider for your organization's needs.",
    "author": "Lindsay Weinberg",
    "tag": "IT Services",
    "category": "Career",
    "publicDate": "March 22, 2024",
    "thumbImage": "/images/blog/1290x837.png",
    "coverImage": "/images/blog/1290x837.png"
  },
  {
    "id": 16,
    "title": "Navigating success: insights from business consulting experts",
    "description": "Delve into the importance of data backup and recovery strategies to safeguard",
    "author": "Lindsay Weinberg",
    "tag": "Application Development",
    "category": "Company",
    "publicDate": "March 26, 2024",
    "thumbImage": "/images/blog/1290x837.png",
    "coverImage": "/images/blog/1290x837.png"
  }
]