[
  {
    "id": "1",
    "category": "it solution",
    "name": "System Design Interview Volume 2",
    "rate": 5,
    "price": 98,
    "discount": 68,
    "brand": "education publisher",
    "sku": "A515-56-36UT",
    "quantity": 65,
    "image": "/images/product/418x625.png",
    "description": "The text works its way from the application layer down toward the physical layer, motivating students by exposing them to important concepts early in their study of networking."
  },
  {
    "id": "2",
    "category": "it solution",
    "name": "System Design Interview",
    "rate": 5,
    "price": 52,
    "new": true,
    "brand": "education publisher",
    "sku": "A515-56-36UT",
    "quantity": 65,
    "image": "/images/product/418x625.png",
    "description": "The text works its way from the application layer down toward the physical layer, motivating students by exposing them to important concepts early in their study of networking."
  },
  {
    "id": "3",
    "category": "it solution",
    "name": "Python Crash Course 3rd",
    "rate": 4,
    "price": 75,
    "discount": 59,
    "brand": "education publisher",
    "sku": "A515-56-36UT",
    "quantity": 65,
    "image": "/images/product/418x625.png",
    "description": "The text works its way from the application layer down toward the physical layer, motivating students by exposing them to important concepts early in their study of networking."
  },
  {
    "id": "4",
    "category": "it solution",
    "name": "Algorithms (4th)",
    "rate": 5,
    "price": 65,
    "brand": "education publisher",
    "sku": "A515-56-36UT",
    "quantity": 65,
    "image": "/images/product/418x625.png",
    "description": "The text works its way from the application layer down toward the physical layer, motivating students by exposing them to important concepts early in their study of networking."
  },
  {
    "id": "5",
    "category": "it solution",
    "name": "The Algorithm Design Manual 3rd",
    "rate": 4,
    "price": 64,
    "new": true,
    "brand": "education publisher",
    "sku": "A515-56-36UT",
    "quantity": 65,
    "image": "/images/product/418x625.png",
    "description": "The text works its way from the application layer down toward the physical layer, motivating students by exposing them to important concepts early in their study of networking."
  },
  {
    "id": "6",
    "category": "it solution",
    "name": "A Top-Down Approach 8th",
    "rate": 4,
    "price": 92,
    "discount": 62,
    "brand": "education publisher",
    "sku": "A515-56-36UT",
    "quantity": 65,
    "image": "/images/product/418x625.png",
    "description": "The text works its way from the application layer down toward the physical layer, motivating students by exposing them to important concepts early in their study of networking."
  },
  {
    "id": "7",
    "category": "it solution",
    "name": "From Journeyman to Master",
    "rate": 5,
    "price": 95,
    "discount": 64,
    "brand": "education publisher",
    "sku": "A515-56-36UT",
    "quantity": 65,
    "image": "/images/product/418x625.png",
    "description": "The text works its way from the application layer down toward the physical layer, motivating students by exposing them to important concepts early in their study of networking."
  },
  {
    "id": "8",
    "category": "it solution",
    "name": "Automate the Boring Stuff",
    "rate": 5,
    "price": 98,
    "discount": 68,
    "brand": "education publisher",
    "sku": "A515-56-36UT",
    "quantity": 65,
    "image": "/images/product/418x625.png",
    "description": "The text works its way from the application layer down toward the physical layer, motivating students by exposing them to important concepts early in their study of networking."
  },
  {
    "id": "9",
    "category": "it solution",
    "name": "thinking, fast and slow",
    "rate": 5,
    "price": 98,
    "discount": 68,
    "brand": "education publisher",
    "sku": "A515-56-36UT",
    "quantity": 65,
    "image": "/images/product/418x625.png",
    "description": "The text works its way from the application layer down toward the physical layer, motivating students by exposing them to important concepts early in their study of networking."
  },
  {
    "id": "10",
    "category": "it solution",
    "name": "best self be you, only better",
    "rate": 5,
    "price": 65,
    "new": true,
    "brand": "education publisher",
    "sku": "A515-56-36UT",
    "quantity": 65,
    "image": "/images/product/418x625.png",
    "description": "The text works its way from the application layer down toward the physical layer, motivating students by exposing them to important concepts early in their study of networking."
  },
  {
    "id": "11",
    "category": "it solution",
    "name": "the subtle art of not giving a fck",
    "rate": 4,
    "price": 87,
    "discount": 61,
    "brand": "education publisher",
    "sku": "A515-56-36UT",
    "quantity": 65,
    "image": "/images/product/418x625.png",
    "description": "The text works its way from the application layer down toward the physical layer, motivating students by exposing them to important concepts early in their study of networking."
  },
  {
    "id": "12",
    "category": "it solution",
    "name": "atomic habits",
    "rate": 4,
    "price": 69,
    "discount": 59,
    "brand": "education publisher",
    "sku": "A515-56-36UT",
    "quantity": 65,
    "image": "/images/product/418x625.png",
    "description": "The text works its way from the application layer down toward the physical layer, motivating students by exposing them to important concepts early in their study of networking."
  },
  {
    "id": "13",
    "category": "it solution",
    "name": "Automate the Boring Stuff",
    "rate": 5,
    "price": 64,
    "new": true,
    "brand": "education publisher",
    "sku": "A515-56-36UT",
    "quantity": 65,
    "image": "/images/product/418x625.png",
    "description": "The text works its way from the application layer down toward the physical layer, motivating students by exposing them to important concepts early in their study of networking."
  },
  {
    "id": "14",
    "category": "it solution",
    "name": "thinking, fast and slow",
    "rate": 5,
    "price": 65,
    "discount": 49,
    "brand": "education publisher",
    "sku": "A515-56-36UT",
    "quantity": 65,
    "image": "/images/product/418x625.png",
    "description": "The text works its way from the application layer down toward the physical layer, motivating students by exposing them to important concepts early in their study of networking."
  },
  {
    "id": "15",
    "category": "it solution",
    "name": "atomic habits",
    "rate": 5,
    "price": 98,
    "discount": 68,
    "brand": "education publisher",
    "sku": "A515-56-36UT",
    "quantity": 65,
    "image": "/images/product/418x625.png",
    "description": "The text works its way from the application layer down toward the physical layer, motivating students by exposing them to important concepts early in their study of networking."
  },
  {
    "id": "16",
    "category": "it solution",
    "name": "System Design Interview",
    "rate": 5,
    "price": 76,
    "discount": 69,
    "brand": "education publisher",
    "sku": "A515-56-36UT",
    "quantity": 65,
    "image": "/images/product/418x625.png",
    "description": "The text works its way from the application layer down toward the physical layer, motivating students by exposing them to important concepts early in their study of networking."
  },
  {
    "id": "17",
    "category": "it solution",
    "name": "Python Crash Course 3rd",
    "rate": 4,
    "price": 98,
    "discount": 68,
    "brand": "education publisher",
    "sku": "A515-56-36UT",
    "quantity": 65,
    "image": "/images/product/418x625.png",
    "description": "The text works its way from the application layer down toward the physical layer, motivating students by exposing them to important concepts early in their study of networking."
  },
  {
    "id": "18",
    "category": "it solution",
    "name": "Algorithms (4th)",
    "rate": 5,
    "price": 65,
    "new": true,
    "brand": "education publisher",
    "sku": "A515-56-36UT",
    "quantity": 65,
    "image": "/images/product/418x625.png",
    "description": "The text works its way from the application layer down toward the physical layer, motivating students by exposing them to important concepts early in their study of networking."
  },
  {
    "id": "19",
    "category": "it solution",
    "name": "The Algorithm Design Manual 3rd",
    "rate": 4,
    "price": 54,
    "discount": 46,
    "brand": "education publisher",
    "sku": "A515-56-36UT",
    "quantity": 65,
    "image": "/images/product/418x625.png",
    "description": "The text works its way from the application layer down toward the physical layer, motivating students by exposing them to important concepts early in their study of networking."
  },
  {
    "id": "20",
    "category": "it solution",
    "name": "A Top-Down Approach 8th",
    "rate": 5,
    "price": 43,
    "discount": 52,
    "brand": "education publisher",
    "sku": "A515-56-36UT",
    "quantity": 65,
    "image": "/images/product/418x625.png",
    "description": "The text works its way from the application layer down toward the physical layer, motivating students by exposing them to important concepts early in their study of networking."
  },
  {
    "id": "21",
    "category": "it solution",
    "name": "From Journeyman to Master",
    "rate": 5,
    "price": 54,
    "discount": 42,
    "brand": "education publisher",
    "sku": "A515-56-36UT",
    "quantity": 65,
    "image": "/images/product/418x625.png",
    "description": "The text works its way from the application layer down toward the physical layer, motivating students by exposing them to important concepts early in their study of networking."
  },
  {
    "id": "22",
    "category": "it solution",
    "name": "Automate the Boring Stuff",
    "rate": 4,
    "price": 98,
    "discount": 68,
    "brand": "education publisher",
    "sku": "A515-56-36UT",
    "quantity": 65,
    "image": "/images/product/418x625.png",
    "description": "The text works its way from the application layer down toward the physical layer, motivating students by exposing them to important concepts early in their study of networking."
  },
  {
    "id": "23",
    "category": "it solution",
    "name": "thinking, fast and slow",
    "rate": 5,
    "price": 59,
    "new": true,
    "brand": "education publisher",
    "sku": "A515-56-36UT",
    "quantity": 65,
    "image": "/images/product/418x625.png",
    "description": "The text works its way from the application layer down toward the physical layer, motivating students by exposing them to important concepts early in their study of networking."
  },
  {
    "id": "24",
    "category": "it solution",
    "name": "best self be you, only better",
    "rate": 5,
    "price": 98,
    "discount": 68,
    "brand": "education publisher",
    "sku": "A515-56-36UT",
    "quantity": 65,
    "image": "/images/product/418x625.png",
    "description": "The text works its way from the application layer down toward the physical layer, motivating students by exposing them to important concepts early in their study of networking."
  },
  {
    "id": "25",
    "category": "it solution",
    "name": "the subtle art of not giving a fck",
    "rate": 4,
    "price": 58,
    "new": true,
    "brand": "education publisher",
    "sku": "A515-56-36UT",
    "quantity": 65,
    "image": "/images/product/418x625.png",
    "description": "The text works its way from the application layer down toward the physical layer, motivating students by exposing them to important concepts early in their study of networking."
  },
  {
    "id": "26",
    "category": "it solution",
    "name": "atomic habits",
    "rate": 5,
    "price": 98,
    "discount": 68,
    "brand": "education publisher",
    "sku": "A515-56-36UT",
    "quantity": 65,
    "image": "/images/product/418x625.png",
    "description": "The text works its way from the application layer down toward the physical layer, motivating students by exposing them to important concepts early in their study of networking."
  }
]